BLEU,METEOR,Accuracy,Precision,Recall,F1,MCC
0.0709173343338498,0.2755311575843802,0.3706,1.0,0.3706,0.5407850576389902,0.0
